<?xml version='1.0' encoding='utf-8'?>
<manifest xmlns="http://www.imsglobal.org/xsd/imsccv1p1/imscp_v1p1" xmlns:lom="http://ltsc.ieee.org/xsd/imsccv1p1/LOM/resource" xmlns:imsqti="http://www.imsglobal.org/xsd/imsqti_v2p1" identifier="man_df60ef78-e799-473e-9d26-135b8ef2000f">
  <metadata>
    <lom:general>
      <lom:title>
        <lom:string>Quiz Import 20250916_205810</lom:string>
      </lom:title>
    </lom:general>
  </metadata>
  <organizations default="org_df60ef78-e799-473e-9d26-135b8ef2000f">
    <organization identifier="org_df60ef78-e799-473e-9d26-135b8ef2000f">
      <title>Quiz Import 20250916_205810</title>
    </organization>
  </organizations>
  <resources>
    <resource identifier="assessment_df60ef78-e799-473e-9d26-135b8ef2000f" type="imsqti_xmlv2p1" href="assessment.xml">
      <file href="assessment.xml" />
    </resource>
  </resources>
</manifest>