<?xml version='1.0' encoding='utf-8'?>
<assessmentItem xmlns="http://www.imsglobal.org/xsd/imsqti_v2p1" identifier="item_7838d192-2f5c-43f7-bf3f-4b5b1c95a396" title="Which of the following are programming languages? ..." adaptive="false" timeDependent="false">
  <responseDeclaration identifier="RESPONSE" cardinality="multiple" baseType="identifier">
    <correctResponse>
      <value>choice_0</value>
      <value>choice_1</value>
      <value>choice_3</value>
    </correctResponse>
  </responseDeclaration>
  <outcomeDeclaration identifier="SCORE" cardinality="single" baseType="float">
    <defaultValue>
      <value>0</value>
    </defaultValue>
  </outcomeDeclaration>
  <itemBody>
    <div>
      <p>Which of the following are programming languages? (Select all that apply)</p>
    </div>
    <choiceInteraction responseIdentifier="RESPONSE" shuffle="false" maxChoices="4">
      <simpleChoice identifier="choice_0">Python</simpleChoice>
      <simpleChoice identifier="choice_1">JavaScript</simpleChoice>
      <simpleChoice identifier="choice_2">HTML</simpleChoice>
      <simpleChoice identifier="choice_3">Java</simpleChoice>
    </choiceInteraction>
  </itemBody>
  <responseProcessing template="http://www.imsglobal.org/question/qti_v2p1/rptemplates/match_correct" />
</assessmentItem>