<?xml version='1.0' encoding='utf-8'?>
<manifest xmlns="http://www.imsglobal.org/xsd/imsccv1p1/imscp_v1p1" xmlns:lom="http://ltsc.ieee.org/xsd/imsccv1p1/LOM/resource" xmlns:imsqti="http://www.imsglobal.org/xsd/imsqti_v2p1" identifier="man_8bcc5b42-df01-4af5-997f-78121ff422fd">
  <metadata>
    <lom:general>
      <lom:title>
        <lom:string>Multi-Format Quiz Import 20250916_212204</lom:string>
      </lom:title>
    </lom:general>
  </metadata>
  <organizations default="org_8bcc5b42-df01-4af5-997f-78121ff422fd">
    <organization identifier="org_8bcc5b42-df01-4af5-997f-78121ff422fd">
      <title>Multi-Format Quiz Import 20250916_212204</title>
    </organization>
  </organizations>
  <resources>
    <resource identifier="assessment_8bcc5b42-df01-4af5-997f-78121ff422fd" type="imsqti_xmlv2p1" href="assessment.xml">
      <file href="assessment.xml" />
    </resource>
  </resources>
</manifest>