<?xml version='1.0' encoding='utf-8'?>
<manifest xmlns="http://www.imsglobal.org/xsd/imsccv1p1/imscp_v1p1" xmlns:lom="http://ltsc.ieee.org/xsd/imsccv1p1/LOM/resource" xmlns:imsqti="http://www.imsglobal.org/xsd/imsqti_v2p1" identifier="man_13cec186-3004-4756-98f6-4ff7a3051e99">
  <metadata>
    <lom:general>
      <lom:title>
        <lom:string>Multi-Format Quiz Import 20250916_211849</lom:string>
      </lom:title>
    </lom:general>
  </metadata>
  <organizations default="org_13cec186-3004-4756-98f6-4ff7a3051e99">
    <organization identifier="org_13cec186-3004-4756-98f6-4ff7a3051e99">
      <title>Multi-Format Quiz Import 20250916_211849</title>
    </organization>
  </organizations>
  <resources>
    <resource identifier="assessment_13cec186-3004-4756-98f6-4ff7a3051e99" type="imsqti_xmlv2p1" href="assessment.xml">
      <file href="assessment.xml" />
    </resource>
  </resources>
</manifest>