<?xml version='1.0' encoding='utf-8'?>
<assessmentItem xmlns="http://www.imsglobal.org/xsd/imsqti_v2p1" identifier="item_319621a1-3905-4744-8756-c54e83fc59b8" title="Which of the following are programming languages? ..." adaptive="false" timeDependent="false">
  <responseDeclaration identifier="RESPONSE" cardinality="multiple" baseType="identifier">
    <correctResponse>
      <value>choice_0</value>
      <value>choice_1</value>
      <value>choice_3</value>
    </correctResponse>
  </responseDeclaration>
  <outcomeDeclaration identifier="SCORE" cardinality="single" baseType="float">
    <defaultValue>
      <value>0</value>
    </defaultValue>
  </outcomeDeclaration>
  <itemBody>
    <div>
      <p>Which of the following are programming languages? (Select all that apply)</p>
      <p style="font-size: small; color: gray;">Source: sample_questions.html</p>
    </div>
    <choiceInteraction responseIdentifier="RESPONSE" shuffle="false" maxChoices="4">
      <simpleChoice identifier="choice_0">Python</simpleChoice>
      <simpleChoice identifier="choice_1">JavaScript</simpleChoice>
      <simpleChoice identifier="choice_2">HTML</simpleChoice>
      <simpleChoice identifier="choice_3">Java</simpleChoice>
    </choiceInteraction>
  </itemBody>
  <responseProcessing template="http://www.imsglobal.org/question/qti_v2p1/rptemplates/match_correct" />
</assessmentItem>