<?xml version='1.0' encoding='utf-8'?>
<manifest xmlns="http://www.imsglobal.org/xsd/imsccv1p1/imscp_v1p1" xmlns:lom="http://ltsc.ieee.org/xsd/imsccv1p1/LOM/resource" xmlns:imsqti="http://www.imsglobal.org/xsd/imsqti_v2p1" identifier="man_0223e572-e051-43eb-9087-0124b4079cb1">
  <metadata>
    <lom:general>
      <lom:title>
        <lom:string>Quiz Import 20250916_125449</lom:string>
      </lom:title>
    </lom:general>
  </metadata>
  <organizations default="org_0223e572-e051-43eb-9087-0124b4079cb1">
    <organization identifier="org_0223e572-e051-43eb-9087-0124b4079cb1">
      <title>Quiz Import 20250916_125449</title>
    </organization>
  </organizations>
  <resources>
    <resource identifier="assessment_0223e572-e051-43eb-9087-0124b4079cb1" type="imsqti_xmlv2p1" href="assessment.xml">
      <file href="assessment.xml" />
    </resource>
  </resources>
</manifest>