<?xml version='1.0' encoding='utf-8'?>
<assessmentItem xmlns="http://www.imsglobal.org/xsd/imsqti_v2p1" identifier="item_49f6b971-c2d7-487e-9ca8-30c0bb2c92dc" title="What is 15 + 27?..." adaptive="false" timeDependent="false">
  <responseDeclaration identifier="RESPONSE" cardinality="single" baseType="identifier">
    <correctResponse>
      <value>choice_1</value>
    </correctResponse>
  </responseDeclaration>
  <outcomeDeclaration identifier="SCORE" cardinality="single" baseType="float">
    <defaultValue>
      <value>0</value>
    </defaultValue>
  </outcomeDeclaration>
  <itemBody>
    <div>
      <p>What is 15 + 27?</p>
    </div>
    <choiceInteraction responseIdentifier="RESPONSE" shuffle="false" maxChoices="1">
      <simpleChoice identifier="choice_0">41</simpleChoice>
      <simpleChoice identifier="choice_1">42</simpleChoice>
      <simpleChoice identifier="choice_2">43</simpleChoice>
      <simpleChoice identifier="choice_3">44</simpleChoice>
    </choiceInteraction>
  </itemBody>
  <responseProcessing template="http://www.imsglobal.org/question/qti_v2p1/rptemplates/match_correct" />
</assessmentItem>