<?xml version='1.0' encoding='utf-8'?>
<manifest xmlns="http://www.imsglobal.org/xsd/imsccv1p1/imscp_v1p1" xmlns:lom="http://ltsc.ieee.org/xsd/imsccv1p1/LOM/resource" xmlns:imsqti="http://www.imsglobal.org/xsd/imsqti_v2p1" identifier="man_cf953404-1eac-41d5-b055-ac7b98c2f6cf">
  <metadata>
    <lom:general>
      <lom:title>
        <lom:string>Quiz Import 20250916_205756</lom:string>
      </lom:title>
    </lom:general>
  </metadata>
  <organizations default="org_cf953404-1eac-41d5-b055-ac7b98c2f6cf">
    <organization identifier="org_cf953404-1eac-41d5-b055-ac7b98c2f6cf">
      <title>Quiz Import 20250916_205756</title>
    </organization>
  </organizations>
  <resources>
    <resource identifier="assessment_cf953404-1eac-41d5-b055-ac7b98c2f6cf" type="imsqti_xmlv2p1" href="assessment.xml">
      <file href="assessment.xml" />
    </resource>
  </resources>
</manifest>