<?xml version='1.0' encoding='utf-8'?>
<assessmentItem xmlns="http://www.imsglobal.org/xsd/imsqti_v2p1" identifier="item_54003b42-c0dc-4255-abbd-33671a7ba94b" title="What is the capital of France?..." adaptive="false" timeDependent="false">
  <responseDeclaration identifier="RESPONSE" cardinality="single" baseType="identifier">
    <correctResponse>
      <value>choice_1</value>
    </correctResponse>
  </responseDeclaration>
  <outcomeDeclaration identifier="SCORE" cardinality="single" baseType="float">
    <defaultValue>
      <value>0</value>
    </defaultValue>
  </outcomeDeclaration>
  <itemBody>
    <div>
      <p>What is the capital of France?</p>
    </div>
    <choiceInteraction responseIdentifier="RESPONSE" shuffle="false" maxChoices="1">
      <simpleChoice identifier="choice_0">London</simpleChoice>
      <simpleChoice identifier="choice_1">Paris</simpleChoice>
      <simpleChoice identifier="choice_2">Berlin</simpleChoice>
      <simpleChoice identifier="choice_3">Madrid</simpleChoice>
    </choiceInteraction>
  </itemBody>
  <responseProcessing template="http://www.imsglobal.org/question/qti_v2p1/rptemplates/match_correct" />
</assessmentItem>